{
  "file": "relationalsyllogistic.csv",
  "numeric_cols": [
    "unary",
    "binary",
    "num_clauses",
    "prob",
    "q_all",
    "q_exists",
    "q_all_all",
    "q_all_exists",
    "q_exists_all",
    "q_exists_exists",
    "q_single_total",
    "q_pair_total"
  ],
  "results": {
    "logreg_tfidf": {
      "best_params": {
        "clf__C": 0.01
      },
      "refit_metric": "f1_macro",
      "metrics_macro_default": {
        "accuracy": 0.69,
        "precision_macro": 0.6487284507259663,
        "recall_macro": 0.6823730578032539,
        "f1_macro": 0.650812424319225
      },
      "metrics_binary_default": {
        "accuracy": 0.69,
        "precision_binary": 0.8520365752285952,
        "recall_binary": 0.6987048398091343,
        "f1_binary": 0.7677902621722846
      },
      "confusion_matrix_default": [
        [
          355,
          178
        ],
        [
          442,
          1025
        ]
      ],
      "cm_counts_path_default": "models_out/cm_logreg_tfidf_counts.png",
      "cm_normalized_path_default": "models_out/cm_logreg_tfidf_normalized.png",
      "tuned": {
        "mode": "proba",
        "threshold": 0.45000000000000007,
        "metrics_macro": {
          "accuracy": 0.7305,
          "precision_macro": 0.6662008050089445,
          "recall_macro": 0.6825067047272644,
          "f1_macro": 0.6722757771973864
        },
        "metrics_binary": {
          "accuracy": 0.7305,
          "precision_binary": 0.8372093023255814,
          "recall_binary": 0.7852760736196319,
          "f1_binary": 0.810411537108688
        },
        "confusion_matrix": [
          [
            309,
            224
          ],
          [
            315,
            1152
          ]
        ],
        "cm_counts_path": "models_out/cm_logreg_tfidf_tuned_counts.png",
        "cm_normalized_path": "models_out/cm_logreg_tfidf_tuned_normalized.png"
      },
      "model_path": "models_out/logreg_tfidf.joblib"
    },
    "svm_linear_tfidf": {
      "best_params": {
        "clf__C": 0.01
      },
      "refit_metric": "f1_macro",
      "metrics_macro_default": {
        "accuracy": 0.685,
        "precision_macro": 0.6416929682777953,
        "recall_macro": 0.6729921947638542,
        "f1_macro": 0.6438263229308006
      },
      "metrics_binary_default": {
        "accuracy": 0.685,
        "precision_binary": 0.8450123660346249,
        "recall_binary": 0.6987048398091343,
        "f1_binary": 0.7649253731343284
      },
      "confusion_matrix_default": [
        [
          345,
          188
        ],
        [
          442,
          1025
        ]
      ],
      "cm_counts_path_default": "models_out/cm_svm_linear_tfidf_counts.png",
      "cm_normalized_path_default": "models_out/cm_svm_linear_tfidf_normalized.png",
      "tuned": {
        "mode": "decision",
        "threshold": -0.21109684570712064,
        "metrics_macro": {
          "accuracy": 0.7605,
          "precision_macro": 0.6889525196007928,
          "recall_macro": 0.6653295579675949,
          "f1_macro": 0.6742780652117073
        },
        "metrics_binary": {
          "accuracy": 0.7605,
          "precision_binary": 0.8162612035851472,
          "recall_binary": 0.869120654396728,
          "f1_binary": 0.8418620006602839
        },
        "confusion_matrix": [
          [
            246,
            287
          ],
          [
            192,
            1275
          ]
        ],
        "cm_counts_path": "models_out/cm_svm_linear_tfidf_tuned_counts.png",
        "cm_normalized_path": "models_out/cm_svm_linear_tfidf_tuned_normalized.png"
      },
      "model_path": "models_out/svm_linear_tfidf.joblib"
    },
    "decision_tree_tfidf": {
      "best_params": {
        "clf__criterion": "gini",
        "clf__max_depth": 20
      },
      "refit_metric": "f1_macro",
      "metrics_macro_default": {
        "accuracy": 0.66,
        "precision_macro": 0.5909525539226836,
        "recall_macro": 0.6027949472510299,
        "f1_macro": 0.5936824795885198
      },
      "metrics_binary_default": {
        "accuracy": 0.66,
        "precision_binary": 0.7934377330350485,
        "recall_binary": 0.7252897068847989,
        "f1_binary": 0.7578347578347578
      },
      "confusion_matrix_default": [
        [
          256,
          277
        ],
        [
          403,
          1064
        ]
      ],
      "cm_counts_path_default": "models_out/cm_decision_tree_tfidf_counts.png",
      "cm_normalized_path_default": "models_out/cm_decision_tree_tfidf_normalized.png",
      "tuned": {
        "mode": "proba",
        "threshold": 0.2,
        "metrics_macro": {
          "accuracy": 0.67,
          "precision_macro": 0.5959272727272726,
          "recall_macro": 0.6054307971111802,
          "f1_macro": 0.5989104950538371
        },
        "metrics_binary": {
          "accuracy": 0.67,
          "precision_binary": 0.7934545454545454,
          "recall_binary": 0.743694614860259,
          "f1_binary": 0.7677691766361717
        },
        "confusion_matrix": [
          [
            249,
            284
          ],
          [
            376,
            1091
          ]
        ],
        "cm_counts_path": "models_out/cm_decision_tree_tfidf_tuned_counts.png",
        "cm_normalized_path": "models_out/cm_decision_tree_tfidf_tuned_normalized.png"
      },
      "model_path": "models_out/decision_tree_tfidf.joblib"
    },
    "random_forest_tfidf": {
      "best_params": {
        "clf__criterion": "gini",
        "clf__max_features": "sqrt",
        "clf__n_estimators": 100
      },
      "refit_metric": "f1_macro",
      "metrics_macro_default": {
        "accuracy": 0.74,
        "precision_macro": 0.6634950044712074,
        "recall_macro": 0.5325017808932219,
        "f1_macro": 0.49976046222133297
      },
      "metrics_binary_default": {
        "accuracy": 0.74,
        "precision_binary": 0.7467430953621678,
        "recall_binary": 0.9768234492160872,
        "f1_binary": 0.8464264619019493
      },
      "confusion_matrix_default": [
        [
          47,
          486
        ],
        [
          34,
          1433
        ]
      ],
      "cm_counts_path_default": "models_out/cm_random_forest_tfidf_counts.png",
      "cm_normalized_path_default": "models_out/cm_random_forest_tfidf_normalized.png",
      "tuned": {
        "mode": "proba",
        "threshold": 0.65,
        "metrics_macro": {
          "accuracy": 0.7275,
          "precision_macro": 0.642930974914901,
          "recall_macro": 0.6290978129224426,
          "f1_macro": 0.6344635786552217
        },
        "metrics_binary": {
          "accuracy": 0.7275,
          "precision_binary": 0.7989623865110247,
          "recall_binary": 0.8398091342876619,
          "f1_binary": 0.8188767032236623
        },
        "confusion_matrix": [
          [
            223,
            310
          ],
          [
            235,
            1232
          ]
        ],
        "cm_counts_path": "models_out/cm_random_forest_tfidf_tuned_counts.png",
        "cm_normalized_path": "models_out/cm_random_forest_tfidf_tuned_normalized.png"
      },
      "model_path": "models_out/random_forest_tfidf.joblib"
    },
    "logreg_emb_precomputed": {
      "best_params": {
        "C": 0.1
      },
      "refit_metric": "f1_macro",
      "metrics_macro_default": {
        "accuracy": 0.6875,
        "precision_macro": 0.6466666666666667,
        "recall_macro": 0.6800716449826131,
        "f1_macro": 0.6483935382045736
      },
      "metrics_binary_default": {
        "accuracy": 0.6875,
        "precision_binary": 0.8508333333333333,
        "recall_binary": 0.6959781867757328,
        "f1_binary": 0.7656542932133483
      },
      "confusion_matrix_default": [
        [
          354,
          179
        ],
        [
          446,
          1021
        ]
      ],
      "cm_counts_path_default": "models_out/cm_logreg_emb_precomputed_counts.png",
      "cm_normalized_path_default": "models_out/cm_logreg_emb_precomputed_normalized.png",
      "tuned": {
        "mode": "proba",
        "threshold": 0.4,
        "metrics_macro": {
          "accuracy": 0.7465,
          "precision_macro": 0.6748337040320616,
          "recall_macro": 0.6725094032441032,
          "f1_macro": 0.6736375413384401
        },
        "metrics_binary": {
          "accuracy": 0.7465,
          "precision_binary": 0.8247631935047361,
          "recall_binary": 0.830947511929107,
          "f1_binary": 0.8278438030560271
        },
        "confusion_matrix": [
          [
            274,
            259
          ],
          [
            248,
            1219
          ]
        ],
        "cm_counts_path": "models_out/cm_logreg_emb_precomputed_tuned_counts.png",
        "cm_normalized_path": "models_out/cm_logreg_emb_precomputed_tuned_normalized.png"
      },
      "model_path": "models_out/logreg_emb_precomputed.joblib"
    }
  }
}