{
  "file": "relativeclauses.csv",
  "numeric_cols": [
    "unary",
    "binary",
    "num_clauses",
    "prob",
    "q_all",
    "q_exists",
    "q_all_all",
    "q_all_exists",
    "q_exists_all",
    "q_exists_exists",
    "q_single_total",
    "q_pair_total",
    "rc_who",
    "rc_which",
    "rc_that",
    "rc_whom",
    "rc_whose",
    "rc_where",
    "rc_who_is",
    "rc_who_are",
    "rc_that_is",
    "rc_that_are",
    "rc_which_is",
    "rc_which_are",
    "rc_no",
    "rc_not",
    "rc_non",
    "rc_any",
    "rc_every",
    "rc_all",
    "rc_some",
    "rc_who_not",
    "rc_that_not",
    "rc_which_not",
    "rc_char_len",
    "rc_tok_len"
  ],
  "results": {
    "logreg_tfidf": {
      "best_params": {
        "clf__C": 0.01
      },
      "refit_metric": "f1_macro",
      "metrics_macro_default": {
        "accuracy": 0.682,
        "precision_macro": 0.6634849165220417,
        "recall_macro": 0.6896066361384281,
        "f1_macro": 0.6616931301364398
      },
      "metrics_binary_default": {
        "accuracy": 0.682,
        "precision_binary": 0.4888143176733781,
        "recall_binary": 0.7094155844155844,
        "f1_binary": 0.5788079470198676
      },
      "confusion_matrix_default": [
        [
          927,
          457
        ],
        [
          179,
          437
        ]
      ],
      "cm_counts_path_default": "models_out/cm_logreg_tfidf_counts.png",
      "cm_normalized_path_default": "models_out/cm_logreg_tfidf_normalized.png",
      "tuned": {
        "mode": "proba",
        "threshold": 0.55,
        "metrics_macro": {
          "accuracy": 0.703,
          "precision_macro": 0.6644076294464751,
          "recall_macro": 0.6800071315967269,
          "f1_macro": 0.6688811863195531
        },
        "metrics_binary": {
          "accuracy": 0.703,
          "precision_binary": 0.5148247978436657,
          "recall_binary": 0.6201298701298701,
          "f1_binary": 0.5625920471281296
        },
        "confusion_matrix": [
          [
            1024,
            360
          ],
          [
            234,
            382
          ]
        ],
        "cm_counts_path": "models_out/cm_logreg_tfidf_tuned_counts.png",
        "cm_normalized_path": "models_out/cm_logreg_tfidf_tuned_normalized.png"
      },
      "model_path": "models_out/logreg_tfidf.joblib"
    },
    "svm_linear_tfidf": {
      "best_params": {
        "clf__C": 0.01
      },
      "refit_metric": "f1_macro",
      "metrics_macro_default": {
        "accuracy": 0.6765,
        "precision_macro": 0.6580828635708689,
        "recall_macro": 0.6833805645221831,
        "f1_macro": 0.6559314989926557
      },
      "metrics_binary_default": {
        "accuracy": 0.6765,
        "precision_binary": 0.48268156424581005,
        "recall_binary": 0.7012987012987013,
        "f1_binary": 0.57180675049636
      },
      "confusion_matrix_default": [
        [
          921,
          463
        ],
        [
          184,
          432
        ]
      ],
      "cm_counts_path_default": "models_out/cm_svm_linear_tfidf_counts.png",
      "cm_normalized_path_default": "models_out/cm_svm_linear_tfidf_normalized.png",
      "tuned": {
        "mode": "decision",
        "threshold": 0.10845667541926288,
        "metrics_macro": {
          "accuracy": 0.7035,
          "precision_macro": 0.6623688030582853,
          "recall_macro": 0.6754138202837625,
          "f1_macro": 0.6666455860755669
        },
        "metrics_binary": {
          "accuracy": 0.7035,
          "precision_binary": 0.5159944367176634,
          "recall_binary": 0.6022727272727273,
          "f1_binary": 0.5558052434456929
        },
        "confusion_matrix": [
          [
            1036,
            348
          ],
          [
            245,
            371
          ]
        ],
        "cm_counts_path": "models_out/cm_svm_linear_tfidf_tuned_counts.png",
        "cm_normalized_path": "models_out/cm_svm_linear_tfidf_tuned_normalized.png"
      },
      "model_path": "models_out/svm_linear_tfidf.joblib"
    },
    "decision_tree_tfidf": {
      "best_params": {
        "clf__criterion": "entropy",
        "clf__max_depth": 10
      },
      "refit_metric": "f1_macro",
      "metrics_macro_default": {
        "accuracy": 0.6535,
        "precision_macro": 0.6338370057478189,
        "recall_macro": 0.6550512348922753,
        "f1_macro": 0.6308896863494431
      },
      "metrics_binary_default": {
        "accuracy": 0.6535,
        "precision_binary": 0.4566929133858268,
        "recall_binary": 0.6590909090909091,
        "f1_binary": 0.5395348837209303
      },
      "confusion_matrix_default": [
        [
          901,
          483
        ],
        [
          210,
          406
        ]
      ],
      "cm_counts_path_default": "models_out/cm_decision_tree_tfidf_counts.png",
      "cm_normalized_path_default": "models_out/cm_decision_tree_tfidf_normalized.png",
      "tuned": {
        "mode": "proba",
        "threshold": 0.525,
        "metrics_macro": {
          "accuracy": 0.6885,
          "precision_macro": 0.6494928904230917,
          "recall_macro": 0.6641252533593573,
          "f1_macro": 0.6533333555912239
        },
        "metrics_binary": {
          "accuracy": 0.6885,
          "precision_binary": 0.49531459170013387,
          "recall_binary": 0.6006493506493507,
          "f1_binary": 0.5429200293470287
        },
        "confusion_matrix": [
          [
            1007,
            377
          ],
          [
            246,
            370
          ]
        ],
        "cm_counts_path": "models_out/cm_decision_tree_tfidf_tuned_counts.png",
        "cm_normalized_path": "models_out/cm_decision_tree_tfidf_tuned_normalized.png"
      },
      "model_path": "models_out/decision_tree_tfidf.joblib"
    },
    "random_forest_tfidf": {
      "best_params": {
        "clf__criterion": "gini",
        "clf__max_features": "sqrt",
        "clf__n_estimators": 200
      },
      "refit_metric": "f1_macro",
      "metrics_macro_default": {
        "accuracy": 0.7075,
        "precision_macro": 0.6522836838480531,
        "recall_macro": 0.5593940019518054,
        "f1_macro": 0.5425397022754544
      },
      "metrics_binary_default": {
        "accuracy": 0.7075,
        "precision_binary": 0.5846994535519126,
        "recall_binary": 0.1737012987012987,
        "f1_binary": 0.26783479349186484
      },
      "confusion_matrix_default": [
        [
          1308,
          76
        ],
        [
          509,
          107
        ]
      ],
      "cm_counts_path_default": "models_out/cm_random_forest_tfidf_counts.png",
      "cm_normalized_path_default": "models_out/cm_random_forest_tfidf_normalized.png",
      "tuned": {
        "mode": "proba",
        "threshold": 0.375,
        "metrics_macro": {
          "accuracy": 0.6785,
          "precision_macro": 0.6315075408594687,
          "recall_macro": 0.6393335710532242,
          "f1_macro": 0.6343448560197329
        },
        "metrics_binary": {
          "accuracy": 0.6785,
          "precision_binary": 0.48040638606676345,
          "recall_binary": 0.5373376623376623,
          "f1_binary": 0.5072796934865901
        },
        "confusion_matrix": [
          [
            1026,
            358
          ],
          [
            285,
            331
          ]
        ],
        "cm_counts_path": "models_out/cm_random_forest_tfidf_tuned_counts.png",
        "cm_normalized_path": "models_out/cm_random_forest_tfidf_tuned_normalized.png"
      },
      "model_path": "models_out/random_forest_tfidf.joblib"
    },
    "logreg_emb_precomputed": {
      "best_params": {
        "C": 1.0
      },
      "refit_metric": "f1_macro",
      "metrics_macro_default": {
        "accuracy": 0.686,
        "precision_macro": 0.6629010172143974,
        "recall_macro": 0.6875422265595676,
        "f1_macro": 0.6632346632346633
      },
      "metrics_binary_default": {
        "accuracy": 0.686,
        "precision_binary": 0.4930555555555556,
        "recall_binary": 0.6915584415584416,
        "f1_binary": 0.5756756756756757
      },
      "confusion_matrix_default": [
        [
          946,
          438
        ],
        [
          190,
          426
        ]
      ],
      "cm_counts_path_default": "models_out/cm_logreg_emb_precomputed_counts.png",
      "cm_normalized_path_default": "models_out/cm_logreg_emb_precomputed_normalized.png",
      "tuned": {
        "mode": "proba",
        "threshold": 0.55,
        "metrics_macro": {
          "accuracy": 0.702,
          "precision_macro": 0.6610723126075628,
          "recall_macro": 0.6743300052548608,
          "f1_macro": 0.6653336163398054
        },
        "metrics_binary": {
          "accuracy": 0.702,
          "precision_binary": 0.5138504155124654,
          "recall_binary": 0.6022727272727273,
          "f1_binary": 0.554559043348281
        },
        "confusion_matrix": [
          [
            1033,
            351
          ],
          [
            245,
            371
          ]
        ],
        "cm_counts_path": "models_out/cm_logreg_emb_precomputed_tuned_counts.png",
        "cm_normalized_path": "models_out/cm_logreg_emb_precomputed_tuned_normalized.png"
      },
      "model_path": "models_out/logreg_emb_precomputed.joblib"
    }
  }
}