{
  "file": "fragment_S.csv",
  "results": {
    "logreg_tfidf": {
      "best_params": {
        "clf__C": 10.0
      },
      "metrics_macro": {
        "accuracy": 0.66,
        "precision_macro": 0.6611789880582591,
        "recall_macro": 0.6588435374149659,
        "f1_macro": 0.6582773762536949
      },
      "metrics_binary": {
        "accuracy": 0.66,
        "precision_binary": 0.6708428246013668,
        "recall_binary": 0.6010204081632653,
        "f1_binary": 0.6340150699677072
      },
      "confusion_matrix": [
        [
          731,
          289
        ],
        [
          391,
          589
        ]
      ],
      "cm_counts_path": "models_out/cm_logreg_tfidf_counts.png",
      "cm_normalized_path": "models_out/cm_logreg_tfidf_normalized.png",
      "model_path": "models_out/logreg_tfidf.joblib"
    },
    "svm_linear_tfidf": {
      "best_params": {
        "clf__C": 1.0
      },
      "metrics_macro": {
        "accuracy": 0.6595,
        "precision_macro": 0.6610857884953274,
        "recall_macro": 0.6582132853141256,
        "f1_macro": 0.6574425141003151
      },
      "metrics_binary": {
        "accuracy": 0.6595,
        "precision_binary": 0.6728323699421965,
        "recall_binary": 0.5938775510204082,
        "f1_binary": 0.6308943089430894
      },
      "confusion_matrix": [
        [
          737,
          283
        ],
        [
          398,
          582
        ]
      ],
      "cm_counts_path": "models_out/cm_svm_linear_tfidf_counts.png",
      "cm_normalized_path": "models_out/cm_svm_linear_tfidf_normalized.png",
      "model_path": "models_out/svm_linear_tfidf.joblib"
    },
    "decision_tree_tfidf": {
      "best_params": {
        "clf__criterion": "entropy",
        "clf__max_depth": 10
      },
      "metrics_macro": {
        "accuracy": 0.5955,
        "precision_macro": 0.5961067712192774,
        "recall_macro": 0.5940676270508203,
        "f1_macro": 0.5926599231491768
      },
      "metrics_binary": {
        "accuracy": 0.5955,
        "precision_binary": 0.6002344665885111,
        "recall_binary": 0.5224489795918368,
        "f1_binary": 0.5586470267321331
      },
      "confusion_matrix": [
        [
          679,
          341
        ],
        [
          468,
          512
        ]
      ],
      "cm_counts_path": "models_out/cm_decision_tree_tfidf_counts.png",
      "cm_normalized_path": "models_out/cm_decision_tree_tfidf_normalized.png",
      "model_path": "models_out/decision_tree_tfidf.joblib"
    },
    "random_forest_tfidf": {
      "best_params": {
        "clf__criterion": "gini",
        "clf__max_features": "sqrt",
        "clf__n_estimators": 200
      },
      "metrics_macro": {
        "accuracy": 0.6745,
        "precision_macro": 0.6743892375784551,
        "recall_macro": 0.6744197679071628,
        "f1_macro": 0.674400285087308
      },
      "metrics_binary": {
        "accuracy": 0.6745,
        "precision_binary": 0.667005076142132,
        "recall_binary": 0.6704081632653062,
        "f1_binary": 0.6687022900763359
      },
      "confusion_matrix": [
        [
          692,
          328
        ],
        [
          323,
          657
        ]
      ],
      "cm_counts_path": "models_out/cm_random_forest_tfidf_counts.png",
      "cm_normalized_path": "models_out/cm_random_forest_tfidf_normalized.png",
      "model_path": "models_out/random_forest_tfidf.joblib"
    },
    "logreg_emb_precomputed": {
      "best_params": {
        "C": 0.01
      },
      "metrics_macro": {
        "accuracy": 0.6745,
        "precision_macro": 0.6743589743589744,
        "recall_macro": 0.6743197278911565,
        "f1_macro": 0.6743351321606563
      },
      "metrics_binary": {
        "accuracy": 0.6745,
        "precision_binary": 0.6687179487179488,
        "recall_binary": 0.6653061224489796,
        "f1_binary": 0.6670076726342711
      },
      "confusion_matrix": [
        [
          697,
          323
        ],
        [
          328,
          652
        ]
      ],
      "cm_counts_path": "models_out/cm_logreg_emb_precomputed_counts.png",
      "cm_normalized_path": "models_out/cm_logreg_emb_precomputed_normalized.png",
      "model_path": "models_out/logreg_emb_precomputed.joblib"
    }
  }
}