{
  "file": "syllogistic.csv",
  "results": {
    "logreg_tfidf": {
      "best_params": {
        "clf__C": 10.0
      },
      "metrics_macro": {
        "accuracy": 0.7245,
        "precision_macro": 0.5939997850589073,
        "recall_macro": 0.5358815392563705,
        "f1_macro": 0.5191449681924433
      },
      "metrics_binary": {
        "accuracy": 0.7245,
        "precision_binary": 0.4382716049382716,
        "recall_binary": 0.1337099811676083,
        "f1_binary": 0.2049062049062049
      },
      "confusion_matrix": [
        [
          1378,
          91
        ],
        [
          460,
          71
        ]
      ],
      "model_path": "models_out/logreg_tfidf.joblib"
    },
    "svm_linear_tfidf": {
      "best_params": {
        "clf__C": 1.0
      },
      "metrics_macro": {
        "accuracy": 0.7305,
        "precision_macro": 0.6089469354175236,
        "recall_macro": 0.5339534305336016,
        "f1_macro": 0.5115716292892099
      },
      "metrics_binary": {
        "accuracy": 0.7305,
        "precision_binary": 0.46923076923076923,
        "recall_binary": 0.11487758945386065,
        "f1_binary": 0.18456883509833585
      },
      "confusion_matrix": [
        [
          1400,
          69
        ],
        [
          470,
          61
        ]
      ],
      "model_path": "models_out/svm_linear_tfidf.joblib"
    },
    "decision_tree_tfidf": {
      "best_params": {
        "clf__criterion": "gini",
        "clf__max_depth": 20
      },
      "metrics_macro": {
        "accuracy": 0.718,
        "precision_macro": 0.6245125961966499,
        "recall_macro": 0.6072145110693183,
        "f1_macro": 0.6129345735897848
      },
      "metrics_binary": {
        "accuracy": 0.718,
        "precision_binary": 0.4613583138173302,
        "recall_binary": 0.3709981167608286,
        "f1_binary": 0.4112734864300626
      },
      "confusion_matrix": [
        [
          1239,
          230
        ],
        [
          334,
          197
        ]
      ],
      "model_path": "models_out/decision_tree_tfidf.joblib"
    },
    "random_forest_tfidf": {
      "best_params": {
        "clf__criterion": "gini",
        "clf__max_features": "sqrt",
        "clf__n_estimators": 100
      },
      "metrics_macro": {
        "accuracy": 0.7585,
        "precision_macro": 0.7377042978208233,
        "recall_macro": 0.5644378037508381,
        "f1_macro": 0.5524775648108384
      },
      "metrics_binary": {
        "accuracy": 0.7585,
        "precision_binary": 0.7142857142857143,
        "recall_binary": 0.15065913370998116,
        "f1_binary": 0.24883359253499224
      },
      "confusion_matrix": [
        [
          1437,
          32
        ],
        [
          451,
          80
        ]
      ],
      "model_path": "models_out/random_forest_tfidf.joblib"
    },
    "logreg_emb_precomputed": {
      "best_params": {
        "C": 1.0
      },
      "metrics_macro": {
        "accuracy": 0.7465,
        "precision_macro": 0.66124029052759,
        "recall_macro": 0.598356620630507,
        "f1_macro": 0.6064811850271912
      },
      "metrics_binary": {
        "accuracy": 0.7465,
        "precision_binary": 0.5434782608695652,
        "recall_binary": 0.2824858757062147,
        "f1_binary": 0.37174721189591076
      },
      "confusion_matrix": [
        [
          1343,
          126
        ],
        [
          381,
          150
        ]
      ],
      "model_path": "models_out/logreg_emb_precomputed.joblib"
    }
  }
}